{
	"1djd8ocu2rmmwch8": {
		"definition": "Warrior Class - Base",
		"x": -107.0608970174173,
		"y": -118.9031720763831,
		"root": true
	},
	"49x98andv4fhqu1y": {
		"definition": "Paladin Class - Base",
		"x": -146.16727322281614,
		"y": -65.07786289212804,
		"root": true
	},
	"vhmn50h2vvhcqpw8": {
		"definition": "Knight Class - Base",
		"x": -160,
		"y": -9.797174393178826e-15,
		"root": true
	},
	"ifrc8i8yrs5y5kfh": {
		"definition": "Rouge Class - Base",
		"x": -146.16727322281616,
		"y": 65.07786289212801,
		"root": true
	},
	"ybbzd0wc724d9d9q": {
		"definition": "Sorcerer Class - Base",
		"x": -107.06089701741733,
		"y": 118.90317207638304,
		"root": true
	},
	"gz7ibag5vfu788j8": {
		"definition": "Archer Class - Base",
		"x": -49.44271909999167,
		"y": 152.16904260722455,
		"root": true
	},
	"sjw5kdbkl0u48qlu": {
		"definition": "Spellblade Class - Base",
		"x": 16.724554122824554,
		"y": -159.12350325892373,
		"root": true
	},
	"cvgt04w6qy4p3cfg": {
		"definition": "Magebreaker Class - Base",
		"x": -49.442719099991585,
		"y": -152.16904260722455,
		"root": true
	},
	"sqf569fr5jcqk7qo": {
		"definition": "Elementalist Class - Base",
		"x": 79.99999999999999,
		"y": -138.5640646055102,
		"root": true
	},
	"9cel5uzwsuqwrtcz": {
		"definition": "Druid Class - Base",
		"x": 129.4427190999916,
		"y": -94.04564036679571,
		"root": true
	},
	"0fqu2oqt335m8dzn": {
		"definition": "Unaturalist Class - Base",
		"x": 156.50361611740888,
		"y": -33.26587053084151,
		"root": true
	},
	"7j72panzjlmwv2y8": {
		"definition": "Pyrotechnic Class - Base",
		"x": 156.5036161174089,
		"y": 33.26587053084146,
		"root": true
	},
	"0k68yt4rdrxg29ut": {
		"definition": "Apostle Class - Base",
		"x": 129.4427190999916,
		"y": 94.04564036679568,
		"root": true
	},
	"izd0ui7geudx3x2d": {
		"definition": "Astrologer  Class - Base",
		"x": 16.724554122824596,
		"y": 159.12350325892373,
		"root": true
	}
}